Cycle,Start Time,End Time,Chg_Cap,DChg_Cap,Avg_Temp,Cell_ID,Model,Chg_Rate,DChg_Rate,V_upper,V_lower,Channel
1,2026年6月2日 10:05,2026年6月2日 17:38,272045.2,271762.0,25.3,LFP280-A3,LFP-280,0.33C,0.33C,3.60,2.50,CH-03
2,2026年6月2日 18:48,2026年6月3日 2:13,271995.6,271790.6,24.8,LFP280-A3,LFP-280,0.33C,0.33C,3.60,2.50,CH-03
3,2026年6月3日 3:09,2026年6月3日 10:34,272055.6,271660.5,25.2,LFP280-A3,LFP-280,0.33C,0.33C,3.60,2.50,CH-03
4,2026年6月3日 11:32,2026年6月3日 19:07,271856.1,271565.0,24.7,LFP280-A3,LFP-280,0.33C,0.33C,3.60,2.50,CH-03
5,2026年6月3日 20:09,2026年6月4日 3:35,271719.4,271530.2,25.3,LFP280-A3,LFP-280,0.33C,0.33C,3.60,2.50,CH-03
6,2026年6月4日 4:31,2026年6月4日 11:59,271785.1,271573.4,24.9,LFP280-A3,LFP-280,0.33C,0.33C,3.60,2.50,CH-03
7,2026年6月4日 13:05,2026年6月4日 20:37,271834.3,271525.2,24.7,LFP280-A3,LFP-280,0.33C,0.33C,3.60,2.50,CH-03
8,2026年6月4日 21:39,2026年6月5日 5:14,271663.1,271442.1,24.3,LFP280-A3,LFP-280,0.33C,0.33C,3.60,2.50,CH-03
9,2026年6月5日 6:15,2026年6月5日 13:40,271794.9,271446.2,25.0,LFP280-A3,LFP-280,0.33C,0.33C,3.60,2.50,CH-03
10,2026年6月5日 14:35,2026年6月5日 22:09,271605.9,271283.0,24.8,LFP280-A3,LFP-280,0.33C,0.33C,3.60,2.50,CH-03
11,2026年6月5日 23:17,2026年6月6日 6:41,271582.5,271224.0,24.6,LFP280-A3,LFP-280,0.33C,0.33C,3.60,2.50,CH-03
12,2026年6月6日 7:39,2026年6月6日 15:12,271505.9,271266.1,24.7,LFP280-A3,LFP-280,0.33C,0.33C,3.60,2.50,CH-03
13,2026年6月6日 16:17,2026年6月6日 23:41,271602.0,271216.1,25.9,LFP280-A3,LFP-280,0.33C,0.33C,3.60,2.50,CH-03
14,2026年6月7日 0:43,2026年6月7日 8:18,271581.2,271181.0,25.2,LFP280-A3,LFP-280,0.33C,0.33C,3.60,2.50,CH-03
15,2026年6月7日 9:20,2026年6月7日 16:44,271178.2,271036.1,24.8,LFP280-A3,LFP-280,0.33C,0.33C,3.60,2.50,CH-03
16,2026年6月7日 17:50,2026年6月8日 1:22,271212.8,271032.7,24.9,LFP280-A3,LFP-280,0.33C,0.33C,3.60,2.50,CH-03
17,2026年6月8日 2:19,2026年6月8日 9:52,271091.0,270933.2,24.6,LFP280-A3,LFP-280,0.33C,0.33C,3.60,2.50,CH-03
18,2026年6月8日 10:51,2026年6月8日 18:19,271168.6,270889.1,25.4,LFP280-A3,LFP-280,0.33C,0.33C,3.60,2.50,CH-03
19,2026年6月8日 19:15,2026年6月9日 2:39,270970.4,270825.0,25.3,LFP280-A3,LFP-280,0.33C,0.33C,3.60,2.50,CH-03
20,2026年6月9日 3:34,2026年6月9日 11:05,271176.8,270812.3,25.4,LFP280-A3,LFP-280,0.33C,0.33C,3.60,2.50,CH-03
21,2026年6月9日 12:13,2026年6月9日 19:37,270955.3,270679.8,25.4,LFP280-A3,LFP-280,0.33C,0.33C,3.60,2.50,CH-03
22,2026年6月9日 20:38,2026年6月10日 4:11,270857.0,270683.8,24.9,LFP280-A3,LFP-280,0.33C,0.33C,3.60,2.50,CH-03
23,2026年6月10日 5:09,2026年6月10日 12:40,270972.9,270600.3,24.8,LFP280-A3,LFP-280,0.33C,0.33C,3.60,2.50,CH-03
24,2026年6月10日 13:50,2026年6月10日 21:21,270968.6,270589.1,25.6,LFP280-A3,LFP-280,0.33C,0.33C,3.60,2.50,CH-03
25,2026年6月10日 22:30,2026年6月11日 6:05,270680.6,270458.3,24.9,LFP280-A3,LFP-280,0.33C,0.33C,3.60,2.50,CH-03
26,2026年6月11日 7:01,2026年6月11日 14:32,270673.8,270434.6,24.7,LFP280-A3,LFP-280,0.33C,0.33C,3.60,2.50,CH-03
27,2026年6月11日 15:42,2026年6月11日 23:18,270802.4,270439.9,25.6,LFP280-A3,LFP-280,0.33C,0.33C,3.60,2.50,CH-03
28,2026年6月12日 0:16,2026年6月12日 7:48,270768.8,270417.1,25.0,LFP280-A3,LFP-280,0.33C,0.33C,3.60,2.50,CH-03
29,2026年6月12日 8:45,2026年6月12日 16:15,270469.6,270328.9,25.4,LFP280-A3,LFP-280,0.33C,0.33C,3.60,2.50,CH-03
30,2026年6月12日 17:14,2026年6月13日 0:44,270415.0,270231.9,25.7,LFP280-A3,LFP-280,0.33C,0.33C,3.60,2.50,CH-03
31,2026年6月13日 1:40,2026年6月13日 9:11,270389.1,270148.9,24.8,LFP280-A3,LFP-280,0.33C,0.33C,3.60,2.50,CH-03
32,2026年6月13日 10:06,2026年6月13日 17:30,270397.6,270063.2,25.6,LFP280-A3,LFP-280,0.33C,0.33C,3.60,2.50,CH-03
33,2026年6月13日 18:37,2026年6月14日 2:09,270355.6,270144.7,25.0,LFP280-A3,LFP-280,0.33C,0.33C,3.60,2.50,CH-03
34,2026年6月14日 3:12,2026年6月14日 10:47,270243.9,269926.4,25.1,LFP280-A3,LFP-280,0.33C,0.33C,3.60,2.50,CH-03
35,2026年6月14日 11:47,2026年6月14日 19:15,270257.3,269960.5,25.7,LFP280-A3,LFP-280,0.33C,0.33C,3.60,2.50,CH-03
36,2026年6月14日 20:20,2026年6月15日 3:46,270231.5,269992.2,24.4,LFP280-A3,LFP-280,0.33C,0.33C,3.60,2.50,CH-03
37,2026年6月15日 4:45,2026年6月15日 12:13,270052.3,269799.4,25.0,LFP280-A3,LFP-280,0.33C,0.33C,3.60,2.50,CH-03
38,2026年6月15日 13:12,2026年6月15日 20:42,270157.7,269878.5,25.4,LFP280-A3,LFP-280,0.33C,0.33C,3.60,2.50,CH-03
39,2026年6月15日 21:48,2026年6月16日 5:24,269958.4,269684.0,25.1,LFP280-A3,LFP-280,0.33C,0.33C,3.60,2.50,CH-03
40,2026年6月16日 6:24,2026年6月16日 13:48,269810.5,269658.9,25.0,LFP280-A3,LFP-280,0.33C,0.33C,3.60,2.50,CH-03
