cycle_index,filename,ambient_temperature,t0_s,n_tail_points,T_first_tail,T_last_tail,T0_fit,tau_curvefit,tau_stderr,tau_loglinear,rel_diff_pct,rmse_K,capacity_Ah,flag,tau_fixedwindow,tail_duration_s,sampling_dt_median_s,window_over_tau,tau_inf,tau_inf_stderr,scan_n_points,scan_too_short,tau1,tau1_stderr,tau2,tau2_stderr,A1,A1_stderr,A2,A2_stderr
1,05122.csv,24.0,3346.937,17,38.98218133148803,34.230852841540965,39.48055898600611,833.883294848192,5.94625197089496,830.8252940180284,0.3667180826209346,0.0407319436371403,1.8564874208181577,,943.9299245648076,343.297,20.25,0.4116847071058032,827.283383276807,1.557682224413788,11.0,,,,,,,,,
2,05124.csv,24.0,3328.828,17,39.033397966787035,34.3921365871887,39.51740664624753,860.9580851137638,6.286578488149649,857.9356521052423,0.3510546054192772,0.0407900933565698,1.846327249719927,,988.862119427508,343.5160000000001,20.266000000000076,0.3989927104925313,852.810691888267,2.339506134820112,11.0,,,,,,,,,
3,05126.csv,24.0,3309.422,17,38.81879668981741,34.23277871576327,39.295237911586014,853.7016886207565,5.96738751795652,850.9832376999987,0.3184310113231455,0.0386298481967742,1.8353491942234077,,969.8415071028844,342.21900000000005,20.226499999999987,0.4008648507570487,845.3965786124851,2.894542899472682,11.0,,,,,,,,,
4,05128.csv,24.0,3309.719,16,38.7623045063458,34.413449952605504,39.23557731859605,852.3120305225871,6.856951342345026,848.8512958449518,0.4060408106070461,0.0407852438781103,1.8352625275821128,,965.2788960570438,321.84400000000005,20.233999999999924,0.3776128794083364,841.1420329851728,4.024544622366338,10.0,,,,,,,,,
5,05130.csv,24.0,3307.688,16,38.66539257343368,34.34588498997869,39.1372953867871,851.8405345602498,6.917288395437669,848.3204877005171,0.4132283821818686,0.0408693318717057,1.834645508212042,,970.9678742533606,321.4839999999999,20.188000000000105,0.3773992748137553,841.5795561100957,5.490648697933664,10.0,,,,,,,,,
6,05132.csv,24.0,3309.25,17,38.75169504640032,34.20092692100587,39.22238311586504,861.9407016283063,6.1439773878197785,858.830122218811,0.3608809055679945,0.0390042158439564,1.8356616600675495,,981.3603318999124,343.03099999999995,20.234500000000025,0.3979751731783572,852.2201435696128,2.47521438283638,11.0,,,,,,,,,
7,05134.csv,24.0,3308.422,17,38.8207012322275,34.298284762513184,39.28791721000648,869.7688553738884,6.233801061503889,867.0241933830604,0.3155622294210782,0.0390668334828343,1.8351461429226603,,995.4207331314656,342.40599999999995,20.25800000000004,0.3936747078082136,863.7248488419239,2.471089100447703,11.0,,,,,,,,,
8,05136.csv,24.0,3291.484,14,38.51713023385634,34.76224183630716,38.94830499856984,861.8683247643936,6.492744878725712,859.3269420150565,0.2948690277058096,0.0307081730704098,1.8257567905665535,,944.2174562313774,280.96900000000005,20.092999999999847,0.3259999142871478,,,,,,,,,,,,
9,05138.csv,24.0,3289.891,13,38.526267904657,35.05182952791622,38.96911779456315,865.7902345870821,9.180766466064709,862.4475863286196,0.3860806145563208,0.0387887040636175,1.8247738529891333,,969.8422622651284,260.703,20.03150000000005,0.3011156624148527,,,,,,,,,,,,
10,05140.csv,24.0,3290.188,13,38.52698128472781,35.02973666184703,38.976642577045766,861.8714234622893,9.399686017793204,858.1928145804089,0.4268164347650275,0.0400908496711548,1.824613268496936,,965.8208434696942,261.0619999999999,20.109500000000025,0.3029013294712428,,,,,,,,,,,,
11,05142.csv,24.0,3290.234,12,38.54143406601644,35.32247968803144,38.98284920091892,867.3695690413642,11.110521211247502,863.2890002503789,0.4704533034857664,0.041584602433312,1.8246195526864504,,970.7639095999576,240.01600000000008,20.063000000000105,0.276717109484566,,,,,,,,,,,,
12,05145.csv,24.0,3271.016,11,38.52197451768004,35.59296016104038,38.93897512886049,878.0789317031796,10.8688897923907,874.6998193418133,0.3848301376291949,0.0348368714004047,1.8142019357673915,,967.0030608926652,220.0,19.96900000000005,0.2505469520527881,,,,,,,,,,,,
13,05147.csv,24.0,3270.813,10,38.582485834057856,35.96127245490519,38.99743861357575,890.3505077177108,14.201917796007272,886.6435743042302,0.4163454034504638,0.0384810181958765,1.8137521577549056,,984.5193642488304,199.46799999999985,19.922000000000025,0.2240331175991669,,,,,,,,,,,,
14,05149.csv,24.0,3270.312,10,38.520294134873915,35.86960969538033,38.949930816718016,879.9336285094853,15.427762608859164,875.65411062085,0.4863455322061416,0.0426366999612126,1.8134404914735824,,980.544135251748,199.6880000000001,19.985000000000127,0.2269352977658673,,,,,,,,,,,,
15,05151.csv,24.0,3251.063,10,38.21358592965045,35.53204380823203,38.6234392345905,848.0430939903032,10.65651183877925,845.135619668436,0.3428451151210534,0.0308124346647145,1.8025980036306504,,914.2247681919268,199.23399999999992,19.985000000000127,0.2349338157599312,,,,,,,,,,,,
16,05153.csv,24.0,3249.985,9,38.1983618706913,35.810312891427124,38.59851156296812,858.6039868618044,13.49842015968909,855.316478210899,0.3828899820185075,0.032390428171669,1.80210690024615,,915.186705016238,179.42200000000005,19.9375,0.2089694466197239,,,,,,,,,,,,
17,05155.csv,24.0,3250.438,8,38.31926916027133,36.242477152162465,38.72024490734395,877.3258885903807,19.00808709335344,873.6020628479718,0.4244518246682675,0.036600703765176,1.802579500826209,,944.6986513456068,159.04599999999982,19.842999999999847,0.1812849729711528,,,,,,,,,,,,
18,05157.csv,24.0,3251.094,7,,,,,,,,,1.8030683142834096,insufficient_tail,,139.32799999999995,19.859500000000025,,,,,,,,,,,,,
19,05159.csv,24.0,3250.766,7,,,,,,,,,1.802777624719604,insufficient_tail,,139.51499999999987,19.898500000000013,,,,,,,,,,,,,
20,05162.csv,24.0,3330.046,13,38.44749852224995,34.93481911198889,38.85687646425527,859.0507749235339,5.958932569283641,856.9515348161033,0.2443674074582515,0.0254426358939301,1.8470259949329193,,923.8141000578722,261.6880000000001,20.211000000000013,0.3046246015240409,,,,,,,,,,,,
21,05166.csv,24.0,3331.172,11,38.992275791716615,36.06881902912957,39.38351621595653,918.8515335069382,8.614187683087229,916.2359364892592,0.2846593733914796,0.0262577373678341,1.847417311283644,,981.5966661669902,221.125,20.07050000000004,0.2406536768307307,,,,,,,,,,,,
22,05170.csv,24.0,3311.344,11,38.51424197364312,35.57131957324699,38.90501097031227,879.54147782273,8.185839466513077,876.8282464091901,0.3084824856988453,0.0261219440205042,1.8361774213478947,,946.0802339033552,220.23399999999992,20.03150000000005,0.250396377604818,,,,,,,,,,,,
23,05174.csv,24.0,3292.532,10,38.165816144899125,35.495530791461825,38.55822712440884,852.5059945001559,8.487791739581615,850.3471897165698,0.2532304520453095,0.024289355437957,1.825780747577624,,904.081185794718,200.375,20.03099999999995,0.2350423355292469,,,,,,,,,,,,
24,05178.csv,24.0,3291.172,11,38.16526203587147,35.20943493671208,38.5716384591017,848.1172597386909,8.670524271966904,845.3558437638691,0.3255936538389321,0.028955510272133,1.8251136435078368,,914.007918977589,220.42200000000005,20.0625,0.2598956659223196,,,,,,,,,,,,
25,05182.csv,24.0,3292.187000000006,7,,,,,,,,,1.825581504220376,insufficient_tail,,139.75,19.984500000005937,,,,,,,,,,,,,
26,05186.csv,24.0,3271.344,8,37.982160799183106,35.875137593603206,38.3655531546617,848.3425806032647,12.84659141692175,845.8158902164515,0.297838449299147,0.0258624691482822,1.814031127508391,,889.5503021624476,159.78099999999995,20.0,0.1883449017569979,,,,,,,,,,,,
27,05190.csv,24.0,3272.672,7,,,,,,,,,1.814769194115894,insufficient_tail,,139.73399999999992,19.96849999999995,,,,,,,,,,,,,
28,05194.csv,24.0,3270.922,7,,,,,,,,,1.813969388710352,insufficient_tail,,139.76600000000008,19.94550000000004,,,,,,,,,,,,,
29,05198.csv,24.0,3250.922,8,37.99854111908584,35.87417260042261,38.392156771491074,840.6054091185739,14.150308895216392,837.7899038566914,0.3349377997501561,0.0290279599593806,1.802765665167823,,887.3109338122566,159.79599999999982,19.985000000000127,0.1900963261318478,,,,,,,,,,,,
30,05202.csv,24.0,3253.234,7,,,,,,,,,1.804077040117352,insufficient_tail,,139.48500000000013,19.867500000000064,,,,,,,,,,,,,
31,05206.csv,24.0,3326.578,15,38.45558987728565,36.28230124882153,38.795581461603014,785.2201585220225,19.71453105406322,780.1801568167295,0.641858420290623,0.0640907418520275,1.8518025516704488,,857.1650402602384,144.09400000000005,9.625,0.183507769682353,,,,,,,,,,,,
32,05210.csv,24.0,3289.187,13,38.49126351534004,36.739819153653464,38.731590011141016,878.0760783576815,27.499592277057705,873.1932683983281,0.55608051280545,0.0579773640865824,1.8307038456739428,,901.1294708177452,124.92200000000004,9.58549999999991,0.1422678547781977,,,,,,,,,,,,
33,05214.csv,24.0,3270.172,13,38.31473393357882,36.49603036085123,38.535181108822144,821.1409635363145,18.98020777854241,818.7639527663205,0.2894765789977467,0.0449509691646774,1.8199041089501269,,828.3175982629957,125.04700000000004,9.554499999999962,0.1522844499944008,,,,,,,,,,,,
34,05218.csv,24.0,3251.391,14,37.84643661820694,36.04392363754878,38.08595728808305,866.5148485779295,21.85352139604305,863.0958627229305,0.3945674861325186,0.0505999325325498,1.8093079637028515,,894.914222945247,134.60899999999992,9.561999999999898,0.1553452894903207,,,,,,,,,,,,
35,05222.csv,24.0,3243.015,13,37.90665575786083,36.224445388722245,38.22372733615714,847.5063773822089,27.95531766018952,842.6545932513397,0.5724775954908397,0.0611333651264772,1.80460990458052,,879.421445890537,125.17200000000004,9.625500000000102,0.1476944638300342,,,,,,,,,,,,
36,05226.csv,24.0,3233.172,14,38.34003238560517,36.4812957908369,38.66638463078039,874.6555817742062,28.90535549693745,868.0247692081923,0.7581055565395862,0.0687408904539627,1.7993770651972192,,974.3761460149292,135.09400000000005,9.641000000000076,0.1544539391447853,,,,,,,,,,,,
37,05230.csv,24.0,3213.969,15,38.05753181131947,35.98576133404224,38.35971733710134,845.0766076549343,26.671745970302386,842.5562167553862,0.2982440735807435,0.0735967792974715,1.7884432335370462,,839.5105479664194,144.75,9.648500000000013,0.1712862463459703,,,,,,,,,,,,
38,05234.csv,24.0,3204.25,14,38.07252758016199,36.10148288661278,38.39988271021664,820.3265015091173,31.40060985892097,811.8492766836873,1.0333964354235547,0.0829575674044525,1.7829230484252725,,938.3192410060632,135.25,9.670999999999822,0.1648733763339191,,,,,,,,,,,,
39,05238.csv,24.0,3186.406,15,37.80133585100446,35.859217796137116,38.14749073589462,866.3928571446382,29.839551811087652,859.6846188987328,0.7742721088460662,0.0773950663535978,1.7730337158018288,,966.4804258810856,144.85899999999992,9.655999999999947,0.1671978234878461,,,,,,,,,,,,
40,05242.csv,24.0,3185.766,14,38.39873985476869,36.40939106353368,38.65249051776723,879.3330685353385,30.646459993523873,872.463312765994,0.7812461529266808,0.0721262395395705,1.773037755078937,,970.4193171400842,135.42200000000005,9.655999999999947,0.1540053534271896,,,,,,,,,,,,
41,05246.csv,24.0,3176.766,15,38.74929237918251,36.77364625897009,39.02248691167715,920.2551969501573,16.857473049595058,916.1995364764588,0.4407104124094427,0.0413669967449341,1.7678721106662054,,985.0330064275086,145.07799999999995,9.656500000000053,0.1576497481142262,,,,,,,,,,,,
42,05250.csv,24.0,3166.922,15,38.87275464755104,36.84756031613252,39.18116838156384,904.1009156629829,31.61979161744702,896.910384123415,0.7953239970224953,0.0809438489588674,1.762315070409309,,1010.7732960239008,144.90599999999995,9.64799999999991,0.1602763557580731,,,,,,,,,,,,
43,05254.csv,24.0,3187.984,7,,,,,,,,,1.7676172924938447,insufficient_tail,,139.40700000000015,19.9375,,,,,,,,,,,,,
44,05256.csv,24.0,3167.671,15,38.27009094548294,36.380197081498515,38.60788805825358,914.2646380772076,37.270503646694735,904.2801485911764,1.0920787122456908,0.0898683457643166,1.762668359743147,,1136.483952534295,144.40700000000015,9.633000000000038,0.1579487973019528,,,,,,,,,,,,
45,05260.csv,24.0,3148.359,15,38.01761254774446,36.18051449762449,38.45697278683774,861.6929154989435,39.465894646680766,852.9379480452587,1.0160194306129853,0.1056082324213011,1.7517304870664143,,1042.7867380727712,144.8130000000001,9.641000000000076,0.1680563892255624,,,,,,,,,,,,
46,05264.csv,24.0,3130.281,15,38.04152715355532,36.07117791713765,38.26229628219905,916.8277288581108,33.756567796778114,910.6554190021272,0.6732246049834332,0.079232737270758,1.7418496047960008,,970.401526470332,145.04700000000005,9.679499999999962,0.158205293573148,,,,,,,,,,,,
47,05268.csv,24.0,3120.219,15,38.17980302242767,36.06727402125495,38.46537143176678,867.0550848735307,38.68533482449608,856.9990109131683,1.1597964345978398,0.1023630765465071,1.7360913511847138,,993.2970789003064,144.79700000000005,9.641000000000076,0.166998616957676,,,,,,,,,,,,
48,05270.csv,24.0,3223.297,11,40.60065770115296,39.3970785606374,40.96385013583732,1144.924385756418,82.64826379726571,1138.07530660296,0.5982123569613044,0.0924542169932743,1.7936240148573608,,1144.924385756418,105.63999999999989,9.57100000000014,0.0922681019936584,,,,,,,,,,,,
49,05274.csv,24.0,3204.657,13,39.88526123315293,38.247906639492925,40.162513440154584,1022.6113617977142,34.89721080989565,1017.8979063967656,0.4609234335772058,0.0601143179821679,1.7831890223273277,,1063.493494260911,124.60899999999992,9.608999999999924,0.1218537214186059,,,,,,,,,,,,
50,05278.csv,24.0,3176.516,13,39.110245386127325,37.66314806698494,39.444493643176024,997.6180318247228,42.16138840535065,994.110837478732,0.3515568317841795,0.0731141197948519,1.7673642076278957,,1009.3523077772694,125.0630000000001,9.663999999999987,0.1253616073591311,,,,,,,,,,,,
51,05282.csv,24.0,3158.156,13,38.951564804030774,37.412620176442466,39.25365453241149,987.306079020134,36.884299235715595,982.563498273653,0.4803556715854413,0.0644471903327625,1.7570177850353066,,1031.615241920571,125.40700000000017,9.640499999999976,0.127019373895137,,,,,,,,,,,,
52,05286.csv,24.0,3139.781,14,38.607510759873634,36.983049223315426,38.95076880759736,975.678027027433,41.56806585051871,968.660657500332,0.7192300464611969,0.0817185262405476,1.7468706179837907,,1089.902688293384,135.34400000000005,9.657000000000153,0.1387178928404775,,,,,,,,,,,,
53,05290.csv,24.0,3130.359,14,38.920359903369054,37.113833168369624,39.23795642522479,972.6811954306554,40.273014896276685,963.3533551569008,0.9589822767802904,0.0811451290491757,1.7417172507457144,,1124.3634116464896,135.29700000000005,9.655999999999947,0.1390969627413195,,,,,,,,,,,,
54,05294.csv,24.0,3120.796,15,39.18924469541007,37.44763048314265,39.59811552712482,1008.501588637322,44.908772421179485,1000.6511513688124,0.7784258703168886,0.0961132220809744,1.7364225056478186,,1138.5432153473337,145.29700000000005,9.648500000000013,0.1440721577804592,,,,,,,,,,,,
55,05298.csv,24.0,3102.782,16,38.9649270684008,36.88044924018355,39.27675205216629,956.0878137744594,30.896342515413615,947.8481207341964,0.8618134152065036,0.0789054795902401,1.7263217239235826,,1121.162748191371,154.8119999999999,9.641000000000076,0.1619223650480707,,,,,,,,,,,,
56,05302.csv,24.0,3083.984,17,38.83927283461771,36.63224569054377,39.14815349541187,952.4278072947916,25.62732893697338,945.2571315472682,0.7528839133635361,0.0715711039040069,1.7158065389330133,,1084.1992756513791,164.60899999999992,9.640499999999976,0.1728309471219069,,,,,,,,,,,,
57,05306.csv,24.0,3074.25,17,38.82796377704433,36.73387962246392,39.15495564462955,966.4349229598308,31.74385122381651,957.8573336214316,0.8875496046986243,0.086254631501852,1.710533351135192,,1210.0318205634717,164.51600000000008,9.656500000000053,0.170229775530202,,,,,,,,,,,,
58,05310.csv,24.0,3065.812,18,39.0406773951075,36.8279861699404,39.44684483835854,1000.9545376510504,28.678207100862373,993.8669774433464,0.7080801316248233,0.0808831529046055,1.706014499648521,,1133.6179869736782,174.32799999999995,9.655999999999947,0.1741617560464805,,,,,,,,,,,,
59,05314.csv,24.0,3055.89,18,39.349611598028886,37.08800148686054,39.6903810858147,997.7239815404174,29.446843060023813,989.1226198905854,0.8620983166659095,0.0849046774551938,1.7003110272642588,,1224.9283355861282,174.21900000000005,9.641000000000076,0.1746164302185238,,,,,,,,,,,,
60,05318.csv,24.0,3045.9060000000027,19,39.29444535878087,36.75804958950036,39.65165692728374,949.9602394324304,22.977623368826965,941.3999370001172,0.9011221814323156,0.0785106564548872,1.6945798601797897,,1144.7396986861584,183.875,9.64100000000326,0.1935607327206233,,,,,,,,,,,,
61,05322.csv,24.0,3028.437,19,39.08669720480488,36.66588768076837,39.52362879390633,948.5077413026972,27.398564710678777,939.507540963878,0.948880008766002,0.0932606926151862,1.6849029086609286,,1187.744432454788,184.03200000000015,9.672000000000024,0.1940226652733981,,,,,,,,,,,,
62,05326.csv,24.0,3009.75,21,38.98726178175149,36.22708832315917,39.411805789739375,900.1986860597159,22.350527853804135,891.7319590951101,0.9405398047919504,0.0963733781570754,1.6744741591159715,,1170.6436924591626,203.46900000000005,9.655999999999947,0.2260267684799782,,,,,,,,,,,,
63,05330.csv,24.0,3009.891,20,39.398032192832,36.83574345076078,39.82849591717637,964.0258188112286,25.740022787991222,954.3824137945438,1.0003264257565652,0.0933332351726882,1.6745692479879102,,1247.664576198888,193.6869999999999,9.655999999999947,0.2009147433819164,,,,,,,,,,,,
64,05334.csv,24.0,2991.297,21,39.04683386472457,36.31129508167242,39.55998529566816,902.0275116119568,25.303302007542868,892.5948311674729,1.045719817084877,0.109975135685931,1.663716375981405,,1157.458826836666,203.82799999999995,9.702999999999976,0.2259665003296315,,,,,,,,,,,,
65,05336.csv,24.0,2982.0939999999973,22,39.43769350241416,36.57728194283014,39.89865576769062,944.5584418819152,22.074022668513383,935.0602796310616,1.005566392687118,0.0959600368815541,1.659013868748246,,1254.0415843169342,213.21899999999687,9.656000000002678,0.2257340473027635,,,,,,,,,,,,
66,05340.csv,24.0,2972.969,22,39.50200621014832,36.61716358490872,39.96393102721643,944.5626827891998,21.99851722805859,934.9270988129626,1.0201105921085352,0.0961122119507644,1.6538540573335014,,1242.7873714752131,213.32799999999995,9.672000000000024,0.2258484311174178,,,,,,,,,,,,
67,05344.csv,24.0,2953.235,23,39.31656076538344,36.285029218085896,39.805830862859565,920.2948320530652,20.695991838941104,910.5013880994192,1.0641637454160269,0.1002213905214133,1.642653782130131,,1220.1583536565895,223.20299999999995,9.66450000000009,0.2425342316679768,,,,,,,,,,,,
68,05348.csv,24.0,2944.437,23,39.42879141207506,36.404097755139176,39.91718270918648,926.677562845066,21.253954304863825,916.5964325872014,1.087878962658127,0.102321886150509,1.6378578430223698,,1254.8181640027583,223.15599999999995,9.680000000000064,0.240812995746731,,,,,,,,,,,,
69,05352.csv,24.0,2935.125,24,39.51375235624076,36.33612654330331,40.00663869854639,926.3692582795328,20.250420642067727,916.0705780872204,1.1117251679356428,0.1041752093260024,1.6327350407099108,,1254.1007609266085,232.59400000000005,9.686999999999898,0.2510813025380151,,,,,,,,,,,,
70,05356.csv,24.0,2926.3910000000033,24,39.60170302810528,36.42204257964045,40.113162842470345,929.0230697940716,21.36733380893003,918.3258316596596,1.1514502149858676,0.1099943635110935,1.6277528915533617,,1302.1167806757107,232.6869999999908,9.65700000000652,0.2504641785177288,,,,,,,,,,,,
71,05360.csv,24.0,2916.141,24,39.6737749953853,36.46650026862773,40.18367367712314,928.0746944780886,20.767427090125,917.5085516005738,1.1385013448143635,0.1075598220428957,1.622125485521159,,1277.446258223625,232.6880000000001,9.657000000000153,0.2507211988264095,,,,,,,,,,,,
72,05364.csv,24.0,2896.813,26,39.53535075538898,36.01706887738058,40.04145012005189,904.626701779552,17.087716945546916,894.6422661084757,1.103707822401799,0.1030919736758014,1.6113256603765849,,1239.1017126093034,252.28099999999995,9.702999999999976,0.2788785689209936,,,,,,,,,,,,
73,05368.csv,24.0,2888.188,26,39.63309411193369,36.12135272151406,40.15918275789067,910.5946567837474,17.56312021465825,900.3976631909622,1.1198169807849825,0.1054034094214544,1.6065631397488385,,1243.531275789583,252.35899999999992,9.702999999999976,0.2771364823195217,,,,,,,,,,,,
74,05372.csv,24.0,2879.344,26,39.69591337158472,36.20196694501621,40.238947965048034,915.9688717285178,19.146854707649936,904.9792862092,1.1997771822288577,0.1142636972386573,1.6015142233917594,,1296.4166049953185,252.28099999999995,9.672000000000024,0.2754252985954887,,,,,,,,,,,,
75,05376.csv,24.0,2859.735,27,39.54483610898516,35.866603104888924,40.08615393370257,895.414620616703,17.170289397569196,884.4661439233787,1.222727040773997,0.1116385506305817,1.590369231400328,,1258.6243963428444,262.172,9.6875,0.2927939682506335,,,,,,,,,,,,
76,05380.csv,24.0,2850.703,28,39.606085176232824,35.80553827573819,40.17338909320477,891.4972411984998,16.542833512264586,880.6652453751384,1.2150341383893877,0.1145600363642402,1.5857889968242211,,1267.6567115287744,271.422,9.672000000000024,0.3044563543854708,,,,,,,,,,,,
77,05384.csv,24.0,2849.829,28,39.40593533616951,35.6702666979063,40.002094790823584,876.4674329686212,17.388583343186006,866.0646115970296,1.1869033554797264,0.1229989202580133,1.5849430707374117,,1268.9562175550604,271.84299999999985,9.733999999999924,0.3101575595105223,,,,,,,,,,,,
78,05386.csv,24.0,2868.672,26,39.8280453682611,36.34696099274405,40.3621223028662,924.168795499764,19.303090352870345,913.548785916858,1.14914176226467,0.1141646827801736,1.5955263892495937,,1333.059413064948,252.1880000000001,9.672000000000024,0.2728808862926648,,,,,,,,,,,,
79,05390.csv,24.0,2831.969,28,39.376207546167066,35.52300699242159,39.95352010804549,875.5344327433899,16.37869993775771,864.6645138357034,1.2415181517906513,0.1158500890248894,1.5747301747801037,,1260.0181764519134,271.8589999999999,9.688000000000102,0.3105063488458814,,,,,,,,,,,,
80,05394.csv,24.0,2813.594,29,39.262781682151214,35.266958925197905,39.83663466744811,854.9519101809698,15.556961709134416,843.673121783518,1.3192307383773614,0.1196414846598632,1.5649019950937946,,1246.6213481681243,281.5,9.663999999999987,0.3292582853466158,,,,,,,,,,,,
81,05398.csv,24.0,2804.281,30,39.45572156072781,35.3504279543354,40.05578638295126,867.3941944523233,15.231190493663943,856.1636977014036,1.2947396723136524,0.1213663364079016,1.5597659473370362,,1286.922003636475,291.5,9.719000000000053,0.3360640431586638,,,,,,,,,,,,
82,05402.csv,24.0,2803.453,30,40.01417758156669,35.94137693420669,40.60526054861814,908.9437781638989,15.563876024605491,898.2257193071226,1.1791773170423148,0.1174231409781996,1.5594815668184234,,1333.8237792263149,290.875,9.672000000000024,0.3200142923994469,,,,,,,,,,,,
83,05406.csv,24.0,2795.047,30,40.12090247566309,36.04660208501775,40.71965945317024,918.3751683035028,16.181366825213633,907.2110449220312,1.21563863732235,0.1208831485842745,1.55468935359061,,1354.0883751233853,291.4839999999999,9.717999999999847,0.3173909857977245,,,,,,,,,,,,
84,05410.csv,24.0,2784.719,31,40.10397818231617,35.84567238345344,40.73138601098117,901.9489955441732,15.646513185353108,890.6748015095877,1.2499813282438974,0.1263633348711772,1.5488741079890418,,1384.5139262476223,300.90599999999995,9.695500000000038,0.3336175343467778,889.4963597262201,6.137681931461043,10.0,,,,,,,,,
85,05414.csv,24.0,2766.078,31,39.81086245906337,35.579783237597425,40.444052661802594,884.2782175600465,14.900148165829169,873.0979479472795,1.264338461668351,0.1225803826649515,1.538236598942558,,1296.2416592840025,301.125,9.679499999999962,0.3405319660942029,862.8451559859166,5.8842898001381405,10.0,,,,,,,,,
86,05418.csv,24.0,2747.75,32,39.61961987024145,35.18876167083574,40.217725067388024,863.1863870808024,13.383289208066095,852.586621078741,1.227981136021921,0.1183280038582104,1.527914258251028,,1272.9950548195998,310.40700000000015,9.672000000000024,0.3596059954672838,852.415830579993,6.20665011676079,10.0,,,,,,,,,
87,05422.csv,24.0,2748.109,32,40.05748238246955,35.64399546549477,40.66995203973998,890.9910192616796,14.103039707448476,880.0780706534517,1.2248101689364872,0.1211755678299777,1.5285252629756445,,1335.50485837111,310.703,9.717999999999847,0.3487161972266165,878.4363813294394,6.282123003194473,10.0,,,,,,,,,
88,05426.csv,24.0,2738.234,33,40.23256142742995,35.70451576896293,40.838317048920885,904.4993428239144,13.21832837244988,894.0090763753776,1.1597870724577302,0.1163381367010671,1.522647325284378,,1316.3554678824237,320.34400000000005,9.679499999999962,0.3541672003871912,885.7418710389564,7.485310958809431,10.0,,,,,,,,,
89,05430.csv,24.0,2728.906,33,40.300164522415834,35.75012465537795,40.897020260096895,906.3479842656146,13.077562962386756,895.845116246192,1.1588118693652505,0.1150799722676873,1.5174859938489869,,1326.7619731923828,320.422,9.695500000000038,0.3535308794884427,895.7746120769613,6.377300227919268,10.0,,,,,,,,,
90,05433.csv,24.0,2886.625,30,40.09418103142496,36.01263661852166,40.65429499680402,917.8155344934942,15.403963356130491,907.381227322922,1.1368632125332885,0.1144538643445213,1.605818899130659,,1353.3671853034232,290.59400000000005,9.672000000000024,0.3166148197310338,,,,,,,,,,,,
91,05436.csv,24.0,2811.422,28,40.508797136155245,36.76362118255289,41.063094324202666,967.998643192842,18.022369408726775,957.1133972267858,1.1245104569725717,0.113103653011164,1.5638491446744425,,1392.9104123664429,271.5149999999999,9.686999999999898,0.2804910956325683,,,,,,,,,,,,
92,05440.csv,24.0,2783.719,30,40.54628369118206,36.50230588330288,41.125662116884286,951.1639559686922,16.185525457105193,940.285574051312,1.143691563280644,0.1157363365260234,1.5480915247767786,,1384.7218921885765,290.547,9.655999999999947,0.3054646868994302,,,,,,,,,,,,
93,05444.csv,24.0,2755.687,32,40.27410317401332,35.91017220677914,40.85923837909759,917.0643726674552,13.555576433855563,906.8800976531816,1.1105300039789656,0.1115986606270948,1.5323755631868592,,1320.7475901819062,310.3130000000001,9.672000000000024,0.338376464345023,903.4693149147835,5.4209615438448795,10.0,,,,,,,,,
94,05448.csv,24.0,2745.984,32,40.286278824473754,35.878972479007196,40.89062379085118,908.630315846626,14.25558417018298,897.6498773549521,1.208460503702529,0.1196052530934529,1.5269528268489705,,1348.5859410808566,310.453,9.672000000000024,0.3416714086968715,894.2590863358332,6.7367797891457615,10.0,,,,,,,,,
95,05452.csv,24.0,2728.125,33,40.17938532431852,35.62922817025395,40.78446023797101,895.2945798341154,13.159211112400891,884.6603275661814,1.1877936611550115,0.1175068619150688,1.5169573017136326,,1319.4625577100371,320.09400000000005,9.66450000000009,0.3575292503829395,885.1331611919652,6.177103633644829,10.0,,,,,,,,,
96,05456.csv,24.0,2718.797,33,40.31357781113424,35.75119139564094,40.92653826453514,903.7898242855111,13.412963442533592,893.0862305024486,1.184301205374181,0.1187975764562964,1.511897596014269,,1333.959378778164,320.4209999999998,9.672000000000024,0.3545304354951195,890.2018184271843,5.754010685441379,10.0,,,,,,,,,
97,05460.csv,24.0,2708.922,34,40.326220544081785,35.64438752174055,40.94848790710134,902.356612917804,12.875437814323115,891.7529372412707,1.1751092112292252,0.1192279397316716,1.5065638960681105,,1341.3932827709414,330.125,9.672000000000024,0.3658475986921938,890.5441094127118,6.008327082094651,11.0,,,,,,,,,
98,05464.csv,24.0,2700.422,34,40.415596046624906,35.71781750151812,41.04546498392368,903.3770347878656,12.992137279309697,892.6545174566406,1.1869371168753295,0.1207401177694691,1.5015453526671363,,1351.3481687949425,329.953,9.672000000000024,0.3652439538464477,890.7270742656408,5.300577499750281,11.0,,,,,,,,,
99,05468.csv,24.0,2681.141,35,40.29820369046157,35.468157504838004,40.924429461933066,894.9604415178834,12.071855944725868,884.4550347695083,1.1738403465696836,0.1177510705282937,1.4908444050400238,,1323.1583303953723,339.8589999999999,9.686999999999898,0.3797475108772266,886.1503955722034,4.883014652400741,11.0,,,,,,,,,
100,05472.csv,24.0,2672.343,36,40.37715944853521,35.41772195105018,41.00340500495993,895.6443233757813,11.367060934564968,885.6008775560682,1.1213654301808331,0.1155773701189763,1.485868384561201,,1318.9425627197743,349.40700000000015,9.672000000000024,0.3901180310986029,887.0723303513598,5.960496022763593,11.0,,,,,,,,,
101,05476.csv,24.0,2662.828,36,40.41806656183361,35.44065808413917,41.04585628361998,895.3965293929735,11.17752594931686,885.609860033053,1.092998357560682,0.1138982266815558,1.480413677976106,,1306.844337244618,349.4369999999999,9.702999999999976,0.3902594979197627,887.8333028448445,5.292164929404087,11.0,,,,,,,,,
102,05480.csv,24.0,2653.047,36,40.43385257537589,35.439411621482165,41.064035780521365,891.9277981618417,11.306159524713502,881.9889173830124,1.114314499370027,0.1162045442300932,1.4752095869031632,,1330.7683971708047,349.59400000000005,9.686999999999898,0.3919532508354064,889.2946667707196,5.502786956664057,11.0,,,,,,,,,
103,05484.csv,24.0,2672.11,35,40.55105049546571,35.71444213967455,41.193459661065425,910.9693332460434,12.635400606682715,900.3549786705804,1.1651714484878506,0.1214097959452264,1.4859035988304024,,1369.6489040911829,339.8899999999999,9.702999999999976,0.3731080592898499,900.9396560718635,5.582544203885042,11.0,,,,,,,,,
104,05487.csv,24.0,2690.329,34,40.98324457250864,36.322325809442454,41.59936185940607,947.9605870999424,13.203847941045831,937.568884288567,1.096216757615038,0.1160252497166548,1.4960918298136696,,1393.7916583628444,329.78099999999995,9.688000000000102,0.3478847163982689,936.5649626271925,5.999418343742673,11.0,,,,,,,,,
105,05491.csv,24.0,2662.952999999994,35,40.98269272535075,36.14370701766192,41.62036156340473,932.0585843248408,12.701258906529535,921.7334490814428,1.1077774956471491,0.1197696472109323,1.4808005946928984,,1401.7666489878443,339.2190000000119,9.672000000006165,0.3639460069408978,924.5195744324251,5.106133379290296,11.0,,,,,,,,,
106,05495.csv,24.0,2643.344,36,40.82122955488763,35.81782913450557,41.46390704386334,916.2530218860732,11.801190342377634,906.0061962580472,1.118340172775989,0.1181940951950399,1.4697543268466824,,1357.243719920585,349.3589999999999,9.672000000000024,0.3812909662015163,908.1592587441993,5.469595328416575,11.0,,,,,,,,,
107,05499.csv,24.0,2615.297,36,40.66802156519944,35.64502538652201,41.319779934747686,898.8626896592656,11.80848615342807,888.4497978603515,1.1584518880031964,0.12133945665567,1.4539012274845928,,1350.361159976454,349.1709999999998,9.672000000000024,0.3884586645067681,892.0156749758913,6.0658101617916795,11.0,,,,,,,,,
108,05503.csv,24.0,2614.86,38,40.688554977177255,35.3909783963713,41.33732580199475,896.0325899793312,10.625482225685744,886.0230622415659,1.1170941603805074,0.1180935738153309,1.454146206723569,,1342.5668097443156,368.5149999999999,9.672000000000024,0.4112741033320009,890.2567819117791,4.834244468553581,12.0,,,,,,,,,
109,05507.csv,24.0,2616.5,37,41.03738211851177,35.90172424296188,41.69782505587659,923.33526308131,11.737801559391391,913.0630071221142,1.1125163708051036,0.1218693044276186,1.455023751906683,,1404.0110606345215,358.797,9.672000000000024,0.3885879965232129,917.1601443665008,5.7319940413572,12.0,,,,,,,,,
110,05511.csv,24.0,2606.5,38,41.18169248503347,35.87657254499655,41.83253125980549,924.8003953228476,10.940569171126738,914.8378932158367,1.0772597154365384,0.1181933938776145,1.449042163761236,,1381.826317534778,368.4850000000006,9.672000000005935,0.3984481428247687,918.7539434032274,5.245607025073396,12.0,,,,,,,,,
111,05515.csv,24.0,2587.782,39,40.83973737013426,35.37052396634794,41.48429440174946,897.5350645559787,9.8530049618524,887.9219325302199,1.071059216000046,0.1139267293508101,1.4386709371480566,,1310.001076368443,378.46799999999985,9.672000000000024,0.4216748904258492,892.5311662242457,4.082400863418792,13.0,,,,,,,,,
112,05519.csv,24.0,2577.828,39,40.75901463474717,35.31944751936039,41.41360273237554,893.7017866570328,9.97327945239301,884.5124439976593,1.028233667714492,0.1157921484154712,1.433445432156979,,1332.1550558254112,378.5309999999999,9.71049999999991,0.4235540374333671,888.8107112997473,4.056116131631007,13.0,,,,,,,,,
113,05523.csv,24.0,2577.938,39,41.09252037199583,35.63996182249638,41.76689601834209,912.0371450863576,10.580502180826224,902.2191951836228,1.076485750128634,0.1208623468405348,1.4333958900838095,,1383.5200428163475,378.4059999999999,9.695500000000038,0.4149019609987157,906.8900717279619,4.2860515553510625,13.0,,,,,,,,,
114,05527.csv,24.0,2568.594,40,41.25774435465926,35.68616080887089,41.90740520895594,922.9765919486504,9.700489187674757,913.9706540631807,0.975749327126007,0.1129780916707614,1.42806487344776,,1369.4294660688042,387.8119999999999,9.672000000000024,0.420175336387703,919.1534314202593,3.8984838941743196,13.0,,,,,,,,,
115,05531.csv,24.0,2559.688,40,41.155158087194785,35.572241943508665,41.79934064856304,913.7411043159204,9.588031339512757,904.7479588740432,0.9842115451958252,0.1129577362803158,1.4229203181741186,,1345.224742040111,387.578,9.672000000000024,0.4241660993133972,908.3241392395878,3.412432313523561,13.0,,,,,,,,,
116,05535.csv,24.0,2550.109,40,41.01397034916561,35.41162230145362,41.6886447199612,902.1327671843708,9.93788982625916,892.6134096974622,1.0552058225996348,0.1191066133557529,1.417429032731308,,1367.6482838755755,387.875,9.672000000000024,0.429953344018962,899.3832085125488,3.8938587339142607,13.0,,,,,,,,,
117,05539.csv,24.0,2540.766,40,40.92737270093076,35.29541793323776,41.59846923054432,891.9564492534439,9.923301349094944,882.0363141087388,1.1121770746775963,0.1208388828928153,1.412409228794446,,1346.5859568548592,388.3589999999999,9.702999999999976,0.4354013027486391,888.6272379599651,4.4976003572828285,13.0,,,,,,,,,
118,05543.csv,24.0,2540.797,40,41.230190912588974,35.60791877576871,41.90044093060182,911.932895415626,10.017722505127182,902.4358519794658,1.0414191092242484,0.1191649334937913,1.412578792940193,,1381.1994010254346,387.65700000000015,9.655999999999947,0.4250937782251183,908.1448859995745,3.8923206577162555,13.0,,,,,,,,,
119,05547.csv,24.0,2531.672,41,41.42809571770269,35.72414943395157,42.07826595377701,931.5670646938788,9.3289619846553,922.8739314885054,0.9331730945457984,0.1114650102122765,1.4075983731469897,,1380.69825628034,397.703,9.6875,0.4269182703777625,928.2592605488421,4.18857455596273,13.0,,,,,,,,,
120,05551.csv,24.0,2577.938,38,41.16227508676352,35.903997506455866,41.809540995988776,935.298997910872,11.617880290845015,924.9142818904218,1.110309755879793,0.1228126874335822,1.4333920485221476,,1450.5281301658897,368.09299999999985,9.655999999999947,0.3935564999237567,928.6938141827668,5.164412263510951,12.0,,,,,,,,,
121,05553.csv,24.0,2587.047,38,41.3399940960528,36.116700375002374,41.983445901141856,952.7900735569132,11.404301306556512,942.7275884234272,1.0561072593799257,0.117736769680245,1.4382550176792908,,1445.9148177279012,368.3910000000001,9.688000000000102,0.3866444563436091,948.8742906888754,5.320385331876161,12.0,,,,,,,,,
122,05557.csv,24.0,2549.656,40,41.01305475345114,35.48818285942285,41.66718750487203,916.1726124255514,9.94153584913574,906.691841308333,1.0348236771800272,0.1158366183798895,1.4173547174485526,,1378.0142399270808,387.9690000000001,9.672000000000024,0.4234671444422014,913.0524391267185,4.715038889196016,13.0,,,,,,,,,
123,05561.csv,24.0,2531.313,41,40.775048649568944,35.09068818463004,41.439304552212825,894.5722371662456,9.328952754447595,885.2539087876928,1.0416518634728311,0.1155792872309051,1.406981663677643,,1343.056235081574,397.7649999999999,9.680000000000064,0.444642683367872,892.8625355065803,4.2166592624797214,13.0,,,,,,,,,
124,05565.csv,24.0,2520.938,41,40.7895932692686,35.08313938846722,41.46707974055221,887.3603529014586,9.387672212059046,877.7817741278902,1.0794463311605749,0.1180676919271848,1.4012037783587623,,1340.1883970744395,397.4369999999999,9.686999999999898,0.447886812500102,887.030352736928,4.12479274007704,13.0,,,,,,,,,
125,05569.csv,24.0,2512.703,42,40.830779173282274,34.98209371471252,41.517023151056826,885.3373558455453,9.058423758886708,876.0872468534516,1.0448117806188533,0.1183709932246271,1.3967008232726328,,1353.1739507866043,407.1089999999999,9.672000000000024,0.4598348836316623,884.5804680942198,3.8033479726752253,14.0,,,,,,,,,
126,05573.csv,24.0,2503.203,41,40.83488573410104,35.084719139558686,41.51232605622342,885.2423898271322,9.477239772161695,875.4329653415942,1.1081060507567364,0.1199426887701547,1.391284788852726,,1340.1366114192444,397.2190000000001,9.671499999999924,0.4487121319140263,884.9570543075621,4.630160224580549,13.0,,,,,,,,,
127,05577.csv,24.0,2494.235,42,40.820851086368954,34.94908275625882,41.517244230140875,880.2567383772268,9.22512231622965,870.6066041907895,1.0962863180380236,0.1217384137090546,1.3862287677978349,,1341.2228215805922,407.1399999999999,9.670999999999822,0.4625241503411512,876.8389616237617,3.935507204410473,14.0,,,,,,,,,
128,05581.csv,24.0,2483.906,43,40.72672159027622,34.70452784918293,41.43408945853563,869.6479418192496,8.857602881800675,859.9603972532863,1.1139616504694507,0.1225748797551742,1.3804366761974138,,1328.0985011601265,417.2809999999999,9.695500000000038,0.4798275025259922,868.4034931360399,3.868741326764862,14.0,,,,,,,,,
129,05585.csv,24.0,2474.625,43,40.669286753855005,34.667131314804806,41.3658287534496,868.5528859694631,8.631258968204307,859.2208356093226,1.0744366302719928,0.1192295118037021,1.3752364150256224,,1325.5351156297688,417.0149999999999,9.680000000000064,0.4801262038690197,870.4553771879197,4.410091880990999,14.0,,,,,,,,,
130,05589.csv,24.0,2466.015,43,40.765870433975586,34.73478777612848,41.46591516693847,870.2510949770073,8.882793119867847,860.4384590322123,1.1275637573376658,0.1229518743423668,1.3705128024895008,,1334.2253150421964,416.8910000000001,9.66450000000009,0.479046797420019,869.0868848999762,4.058855392896103,14.0,,,,,,,,,
131,05593.csv,24.0,2466.094,43,40.86027374742509,34.79017756073964,41.57146466543897,870.707758830197,8.860288559579303,861.1436253081682,1.0984321002121624,0.1233366894003316,1.37050855662704,,1347.8961697702928,417.1709999999998,9.688000000000102,0.4791171271523668,871.9033481851866,3.889930010614914,14.0,,,,,,,,,
132,05597.csv,24.0,2455.953,44,40.79039144301702,34.602741893421936,41.51340105483548,864.5035436976407,8.704837788560729,854.62304757843,1.1429098459157203,0.1258934593504025,1.3647355108681518,,1336.4115202440985,427.0160000000001,9.672000000000024,0.4939436085751298,863.4339768587097,3.7039545722014524,15.0,,,,,,,,,
133,05601.csv,24.0,2475.062,43,41.10059497641568,35.2008024262739,41.78835270360997,905.5480722118776,9.247083375436716,896.453497761459,1.0043171345066666,0.1215745035820114,1.375392016895762,,1400.0267488041673,416.5940000000001,9.679499999999962,0.4600462557249269,905.3038581997426,3.3731335656006975,14.0,,,,,,,,,
134,05603.csv,24.0,2494.093,42,41.22973564250279,35.37656984223691,41.8935336862081,913.2898449866872,8.978755635519713,904.2975055933616,0.9846095894624248,0.1134826527730809,1.3861115151535393,,1352.35274790523,407.15700000000015,9.672000000000024,0.4458135631694614,909.3625005657416,3.4540711729474407,14.0,,,,,,,,,
135,05605.csv,24.0,2465.063,44,41.14643256883378,35.02073678939035,41.81784688793734,897.42325142539,8.008591087139044,889.1323370636178,0.9238577614970056,0.1103628878441682,1.369850003583894,,1317.8489080557647,426.6399999999999,9.688000000000102,0.4754055562103628,895.6400920575514,3.147038643695595,15.0,,,,,,,,,
136,05609.csv,24.0,2455.906,44,41.15367741442781,34.920082190571925,41.861208129799365,881.881479335598,8.48635940509035,872.5265201122916,1.0607955198644574,0.1209700677266558,1.3647827949260758,,1346.688558218305,427.1100000000001,9.702999999999976,0.4843167817990476,882.2720442036833,3.495325691265171,15.0,,,,,,,,,
137,05613.csv,24.0,2437.203,45,40.838069353579186,34.51525447844097,41.54173997019491,864.5390080200343,7.877750783767218,855.7917517283477,1.01178272010185,0.1173691598958439,1.3543220466259964,,1312.187803950922,436.25,9.672000000000024,0.5046041832156295,865.0053722177604,3.2654838732209335,15.0,,,,,,,,,
138,05617.csv,24.0,2437.719,45,41.22951081564833,34.95922357150939,41.92765933543345,897.2171160996637,8.167530582362078,888.6093446772935,0.9593855565071552,0.1166175026475792,1.3546417018378962,,1380.141469490435,436.3119999999999,9.655999999999947,0.4862947799042366,898.8110831017113,3.6155789485347314,15.0,,,,,,,,,
139,05621.csv,24.0,2437.844,45,41.436115034347615,35.09464992185514,42.144110679903626,897.9804789966047,8.27916926806571,889.1643729684555,0.981770342936656,0.1194771484335641,1.354703921319241,,1374.9260218398977,436.3899999999999,9.672000000000024,0.4859682478706197,898.5015796550782,3.3980317844958847,15.0,,,,,,,,,
140,05625.csv,24.0,2428.391,45,41.257631694488545,34.87110957277296,41.965759747626755,881.9335618015101,8.07589225863304,872.9447553232233,1.01921583071695,0.1190971974224352,1.349314997503458,,1347.4185416873263,436.59299999999985,9.672000000000024,0.4950406911697283,883.213814407939,3.3970503992862104,15.0,,,,,,,,,
141,05629.csv,24.0,2419.218,45,41.02297375021572,34.64809421735341,41.76466708227323,863.9364677998059,8.223264342083162,854.7438218593793,1.064041892320806,0.1241876345047904,1.3441891937970554,,1351.1313749490728,435.875,9.672000000000024,0.5045220525417181,867.0633149534874,3.6727913620907353,15.0,,,,,,,,,
142,05633.csv,24.0,2409.547,46,40.97919183608427,34.44831392782199,41.710273952042805,856.1574882452816,7.861141664799846,846.9496966779943,1.075478716673829,0.1236100542444978,1.3389913790695755,,1316.7326366838731,446.078,9.672000000000024,0.5210233001807286,857.2388192590059,3.6590346538130327,15.0,,,,,,,,,
143,05637.csv,24.0,2409.297,46,41.27361521074391,34.76318323355694,41.99972152272633,879.3198838346636,7.964604993804869,870.4563762627268,1.0079958084518166,0.1216357843708581,1.3389145230206971,,1362.063725447392,446.297,9.688000000000102,0.5075479449568733,881.607663547228,3.7081864466978347,15.0,,,,,,,,,
144,05641.csv,24.0,2400.859,46,41.19634249808303,34.67711120224962,41.92249732283753,872.2976322426082,7.828525915166194,863.4777098876256,1.0111138708822698,0.1207399989116162,1.3340066759761655,,1328.4415917523454,446.578,9.672000000000024,0.5119559924195636,872.4413040021485,3.6945648435919325,15.0,,0.2274253720335615,0.0,872.4413040021485,,0.0004151460951532099,0.0,17.92185435942234,0.02338437135615171
145,05645.csv,24.0,2391.469,47,41.0303324507598,34.35552173340636,41.7672249918068,854.357596496423,7.529462266784647,845.2409421544902,1.0670771090839044,0.1225254667720033,1.3286444309174914,,1316.6373516095498,455.8910000000001,9.672000000000024,0.5336067729362184,857.0851534381043,3.5872882557300834,16.0,,0.25033728249178644,5.26014354297679e-18,857.0851534381043,,0.00033644242112888627,0.0,17.75449748964773,0.023689580500065588
146,05649.csv,24.0,2381.5,47,40.8467650871533,34.13298084323835,41.57447629222088,838.7530234419049,7.258534892364646,829.7552238321922,1.072759126731893,0.1205891392737054,1.323170899227622,,1277.1168159947836,455.828,9.672000000000024,0.5434591438245615,841.2943781733984,3.055231271065989,16.0,,0.20601604705978005,5.198996718554077e-18,841.2943781733984,,0.0002489794656827162,0.0,17.562342145721132,0.023414199684380566
147,05653.csv,24.0,2372.375,48,40.79060476149687,33.97306701477755,41.509624053450445,837.206073096356,6.874133069413352,828.708975611526,1.0149350032070452,0.11708053131511,1.3181691588445197,,1263.870182594168,464.9059999999999,9.672000000000024,0.5553065307810934,839.9453576587057,3.2462560314286524,16.0,,0.20403400964950968,0.0,839.9453576587057,,0.00022472110454281602,0.0,17.49635579532395,0.022594201139811
148,05657.csv,24.0,2372.578,48,41.13461978214925,34.37394890213937,41.86215135482391,866.5784827986834,7.3412125391675715,858.0480068415623,0.984385849227557,0.1203796159609376,1.3184664436640334,,1326.3112044164925,465.9369999999999,9.688000000000102,0.5376743240787837,867.1178913943693,3.2106269517465558,16.0,,0.19552195240910386,5.115243339393679e-18,867.1178913943693,,0.00038241189808912654,0.0,17.859634335088302,0.02303700799720278
149,05661.csv,24.0,2372.516,47,41.13136853252453,34.44341685363402,41.86452169044798,860.9365981354266,7.595900540751968,851.9109886767747,1.048347750368514,0.1226150482837764,1.318293040102702,,1319.6233148033286,455.8119999999999,9.663499999999884,0.5294373604132694,861.3652432305838,3.0302122759752104,16.0,,0.1934655463273467,0.0,861.3652432305838,,0.00037574565639066256,0.0,17.86253396411814,0.02364397021326882
150,05665.csv,24.0,2382.375,47,40.66184230912503,33.98038017264453,41.387350833913835,833.2829201063845,7.372465546444517,824.1336950181482,1.0979734334490212,0.1225089255527488,1.323872422244268,,1262.967864093915,455.8899999999999,9.672000000000024,0.5471010973581419,833.3445097724718,2.722485044962286,16.0,,0.1231533997451928,0.0,833.3445097724718,,0.0002225138161921717,0.0,17.387055675604255,0.02380489449317317
151,05668.csv,24.0,2447.266,43,41.032358216710854,34.97066611271971,41.74044900978747,882.6526921179525,9.149269796909858,872.6533384910256,1.132875219916131,0.1255885728173668,1.3601216766554785,,1356.0176109761103,417.2809999999999,9.679499999999962,0.4727578624370603,879.6108176289997,3.980145541130969,14.0,,,,,,,,,
152,05672.csv,24.0,2410.39,45,41.019823301570995,34.68949035902289,41.72348770204712,874.0435229569888,7.92485119963533,865.0516016488848,1.0287727180545083,0.1169996599401546,1.3395306867947354,,1314.4122033916594,436.0,9.657000000000153,0.4988309947369237,874.445007187008,3.5228861977787114,15.0,,,,,,,,,
153,05676.csv,24.0,2391.735,46,40.86027251163671,34.35560664546322,41.56583797249347,855.4115603794829,7.428538429538738,846.9039008257488,0.994569158027267,0.1161514848495177,1.3290286565120697,,1287.78039855566,446.2339999999999,9.672000000000024,0.5216600063272921,856.8366474568606,3.1766126640154746,15.0,,,,,,,,,
154,05680.csv,24.0,2382.281,47,40.83321648863263,34.179860361804735,41.54344582142971,848.4081292186835,7.154013085800657,839.6890478635758,1.0276989405013497,0.1163532218932293,1.3236741274998955,,1271.9495556612792,455.875,9.672000000000024,0.5373298348989474,849.1870712896782,3.0530056670474486,16.0,,0.162752864526027,0.0,849.1870712896782,,0.00025761965418179093,0.0,17.539803458724876,0.02251352917694885
155,05684.csv,24.0,2373.265,47,40.840213135259134,34.14567217244527,41.557251019541305,843.1287704429279,7.165981178648481,834.3881499324295,1.036688678753852,0.1179633844068429,1.318633896753293,,1266.4397450836327,456.578,9.672000000000024,0.5415281935642429,843.8647283271464,3.096304107257182,16.0,,0.15929783229151173,0.0,843.8647283271464,,0.0002604666254886166,0.0,17.553765300774977,0.02286216542800525
156,05688.csv,24.0,2363.906,48,40.8263251809212,33.99467216653128,41.53396482120752,839.1018353840548,6.790567978315263,830.6539082149269,1.006782110691162,0.1154267707998992,1.3134751321324272,,1261.015646347373,465.7190000000001,9.688000000000102,0.555020833421061,841.3455328407276,2.922189933619461,16.0,,0.1616123338992086,4.943916379272158e-18,841.3455328407276,,0.00021524949829383223,0.0,17.523099209398474,0.022265419963440974
157,05692.csv,24.0,2363.547,47,40.88724260645836,34.16712024760808,41.62066490913581,840.1564996211183,7.304460454993421,831.1722916288101,1.0693493410287045,0.1213023239257284,1.3132020634442203,,1273.0603725885533,455.8899999999999,9.672000000000024,0.5426250944979781,841.0188236368883,3.16540801456374,16.0,,0.17565070247659964,0.0,841.0188236368883,,0.00029133342505763965,0.0,17.616540664515657,0.023526712885060624
158,05696.csv,24.0,2353.782,48,40.834807423944554,33.97599952110498,41.55461447008173,835.9761414173979,6.846895228750636,827.2972387014075,1.038175886368634,0.1172854325319539,1.3077959946944353,,1254.648073721851,465.797,9.672000000000024,0.5571893465885773,837.6413686230308,2.8437856563842114,16.0,,0.16056289707796534,0.0,837.6413686230308,,0.00024580155298322554,0.0,17.546486582249905,0.022631496197876546
159,05700.csv,24.0,2345.094,48,40.81541479930496,33.982224969859004,41.52758546810366,836.8978460682146,6.895125899017246,828.1869928096335,1.0408502422972044,0.1177609549908023,1.3030329186405918,,1258.7392099907918,465.578,9.688000000000102,0.5563140139352817,838.6670622228107,3.2295406599290057,16.0,,0.14412898886625936,0.0,838.6670622228107,,0.00021403024480515925,0.0,17.518988195196787,0.022714509168771917
160,05704.csv,24.0,2345.813,48,40.941256412579776,34.078996220636874,41.669868621688394,840.7593271033062,6.977662633229176,832.0922764457491,1.0308598879798248,0.1191431837568646,1.3033573559038203,,1271.7334258344777,465.672,9.686999999999898,0.5538707511035221,842.7598983506471,3.2329430781728927,16.0,,0.19417228529636343,0.0,842.7598983506471,,0.0002819131609386825,0.0,17.66014450343112,0.022962568054527784
161,05708.csv,24.0,2346.016,47,41.06347487504059,34.30494727332375,41.803175883081465,846.1277025530426,7.474670606071363,836.9902373708303,1.0799156149410516,0.124031186861837,1.3034100438655642,,1304.9728183688592,456.4059999999999,9.695500000000038,0.5394055750956677,848.3730466065625,3.4117188991379166,16.0,,0.21479116988956015,0.0,848.3730466065625,,0.00031725075006803875,0.0,17.792475514221614,0.024032415573284036
162,05712.csv,24.0,2336.094,48,41.014143833978686,34.12626262781833,41.73372983365285,840.4462054200706,6.74281651994208,832.1317681206343,0.9892884572285654,0.1156585988359866,1.2978870806495706,,1255.2302173141131,465.5309999999999,9.702999999999976,0.5539093364902742,842.703815892123,3.092489380182677,16.0,,0.21636550512135244,0.0,842.703815892123,,0.00028082055286828174,0.0,17.722722259488517,0.022294179682040137
163,05716.csv,24.0,2336.234,48,41.04932638941744,34.13529495466968,41.794536879722585,837.70144111115,7.045832133908329,828.8881797050863,1.0520766675981306,0.1219323642987892,1.2980735056918902,,1271.0114877406368,465.797,9.672000000000024,0.5560417794938424,839.2220840160956,2.982967976627788,16.0,,0.20079445854584144,0.0,839.2220840160956,,0.00034282955745531044,0.0,17.787041311533006,0.02351365115481134
164,05720.csv,24.0,2327.578,48,40.9757424432751,34.0756490349882,41.71368130886115,836.8761851403464,7.075022639106444,828.0144250834684,1.0589093361990989,0.1221184503344427,1.293463613844243,,1283.4932867381733,465.8119999999999,9.702999999999976,0.5566080243063458,840.061697292825,3.3328930751953916,16.0,,0.2216183351783645,0.0,840.061697292825,,0.0002756605550672392,0.0,17.698057363051415,0.023582538183514277
165,05724.csv,24.0,2318.109,49,40.98234242711097,33.991349533915816,41.69728791310741,839.7056312931676,6.595530758340754,831.5608926779813,0.969951648727563,0.1159572783184674,1.288003392619118,,1263.750343187251,475.2809999999999,9.695500000000038,0.5660090659009341,841.6169889504255,2.999097508167372,17.0,,0.17186841492787952,0.0,841.6169889504255,,0.0002498379143090878,0.0,17.687816180160542,0.02221342984165627
166,05728.csv,24.0,2316.938,49,41.05816547192315,34.059198400298385,41.77732713437297,843.2231873170643,6.535185932992054,835.4943224866137,0.916585898810739,0.1146180169575295,1.2874525221379407,,1265.7602086897075,475.547,9.702999999999976,0.563963381406858,844.1610250309228,2.5462987780993145,17.0,,0.19111082446422056,0.0,844.1610250309228,,0.0003044720956331664,0.0,17.772686104220515,0.021929321315705866
167,05732.csv,24.0,2355.609,46,41.047029587744966,34.55651436751892,41.766029967616454,868.7282828280606,8.19445514707958,859.1562534435528,1.1018438761251086,0.1261488246394544,1.3090153642307354,,1351.416363887672,446.40700000000015,9.672000000000024,0.5138626298049898,869.4321898590632,3.896965929365035,15.0,,,,,,,,,
168,05734.csv,24.0,2383.953,45,41.051007697556734,34.40592045769559,41.75578600218294,833.2922853016612,9.027057447713272,821.3774837680097,1.42984661490514,0.1451320399141467,1.3250793286429356,,1258.386536253206,436.4369999999999,9.672000000000024,0.5237501986976932,822.5587923502409,4.064006951852123,15.0,,,,,,,,,
